indexNo,xPos,yPos,shape,xSize,ySize
0,2,3,1,1,3
0,5,10,0,2,6
0,1.432218614,-3.022214657,0,1.2,1.2
0,1.903854787,-0.010999092,0,1.2,1.2
1,2,10,0,3,11
1,2,10,0,3,11
2,2,10,1,6,11
2,2,10,1,6,11
2,2,10,1,6,11
2,2,10,1,6,11
